{"Train Accuracy": 0.8540540540540541, "Test Accuracy": 0.7204301075268817, "_timestamp": 1714359610.3736541, "_runtime": 3.5189402103424072, "_step": 98, "_wandb": {"runtime": 8}}